{
    "keywords": {
        "ACCESS": [],
        "ADD": [],
        "ALL": [],
        "ALTER": [
            "AGGREGATE",
            "COLLATION",
            "COLUMN",
            "CONVERSION",
            "DATABASE",
            "DEFAULT",
            "DOMAIN",
            "EVENT TRIGGER",
            "EXTENSION",
            "FOREIGN",
            "FUNCTION",
            "GROUP",
            "INDEX",
            "LANGUAGE",
            "LARGE OBJECT",
            "MATERIALIZED VIEW",
            "OPERATOR",
            "POLICY",
            "ROLE",
            "RULE",
            "SCHEMA",
            "SEQUENCE",
            "SERVER",
            "SYSTEM",
            "TABLE",
            "TABLESPACE",
            "TEXT SEARCH",
            "TRIGGER",
            "TYPE",
            "USER",
            "VIEW"
        ],
        "AND": [],
        "ANY": [],
        "AS": [],
        "ASC": [],
        "AUDIT": [],
        "BEGIN": [],
        "BETWEEN": [],
        "BY": [],
        "CASE": [],
        "CHAR": [],
        "CHECK": [],
        "CLUSTER": [],
        "COLUMN": [],
        "COMMENT": [],
        "COMMIT": [],
        "COMPRESS": [],
        "CONCURRENTLY": [],
        "CONNECT": [],
        "COPY": [],
        "CREATE": [
            "ACCESS METHOD",
            "AGGREGATE",
            "CAST",
            "COLLATION",
            "CONVERSION",
            "DATABASE",
            "DOMAIN",
            "EVENT TRIGGER",
            "EXTENSION",
            "FOREIGN DATA WRAPPER",
            "FOREIGN EXTENSION",
            "FUNCTION",
            "GLOBAL",
            "GROUP",
            "IF NOT EXISTS",
            "INDEX",
            "LANGUAGE",
            "LOCAL",
            "MATERIALIZED VIEW",
            "OPERATOR",
            "OR REPLACE",
            "POLICY",
            "ROLE",
            "RULE",
            "SCHEMA",
            "SEQUENCE",
            "SERVER",
            "TABLE",
            "TABLESPACE",
            "TEMPORARY",
            "TEXT SEARCH",
            "TRIGGER",
            "TYPE",
            "UNIQUE",
            "UNLOGGED",
            "USER",
            "USER MAPPING",
            "VIEW"
        ],
        "CURRENT": [],
        "DATABASE": [],
        "DATE": [],
        "DECIMAL": [],
        "DEFAULT": [],
        "DELETE FROM": [],
        "DELIMITER": [],
        "DESC": [],
        "DESCRIBE": [],
        "DISTINCT": [],
        "DROP": [
            "ACCESS METHOD",
            "AGGREGATE",
            "CAST",
            "COLLATION",
            "COLUMN",
            "CONVERSION",
            "DATABASE",
            "DOMAIN",
            "EVENT TRIGGER",
            "EXTENSION",
            "FOREIGN DATA WRAPPER",
            "FOREIGN TABLE",
            "FUNCTION",
            "GROUP",
            "INDEX",
            "LANGUAGE",
            "MATERIALIZED VIEW",
            "OPERATOR",
            "OWNED",
            "POLICY",
            "ROLE",
            "RULE",
            "SCHEMA",
            "SEQUENCE",
            "SERVER",
            "TABLE",
            "TABLESPACE",
            "TEXT SEARCH",
            "TRANSFORM",
            "TRIGGER",
            "TYPE",
            "USER",
            "USER MAPPING",
            "VIEW"
        ],
        "EXPLAIN": [],
        "ELSE": [],
        "ENCODING": [],
        "ESCAPE": [],
        "EXCLUSIVE": [],
        "EXISTS": [],
        "EXTENSION": [],
        "FILE": [],
        "FLOAT": [],
        "FOR": [],
        "FORMAT": [],
        "FORCE_QUOTE": [],
        "FORCE_NOT_NULL": [],
        "FREEZE": [],
        "FROM": [],
        "FULL": [],
        "FUNCTION": [],
        "GRANT": [],
        "GROUP BY": [],
        "HAVING": [],
        "HEADER": [],
        "IDENTIFIED": [],
        "IMMEDIATE": [],
        "IN": [],
        "INCREMENT": [],
        "INDEX": [],
        "INITIAL": [],
        "INSERT INTO": [],
        "INTEGER": [],
        "INTERSECT": [],
        "INTERVAL": [],
        "INTO": [],
        "IS": [],
        "JOIN": [],
        "LANGUAGE": [],
        "LEFT": [],
        "LEVEL": [],
        "LIKE": [],
        "LIMIT": [],
        "LOCK": [],
        "LONG": [],
        "MATERIALIZED VIEW": [],
        "MAXEXTENTS": [],
        "MINUS": [],
        "MLSLABEL": [],
        "MODE": [],
        "MODIFY": [],
        "NOT": [],
        "NOAUDIT": [],
        "NOTICE": [],
        "NOCOMPRESS": [],
        "NOWAIT": [],
        "NULL": [],
        "NUMBER": [],
        "OIDS": [],
        "OF": [],
        "OFFLINE": [],
        "ON": [],
        "ONLINE": [],
        "OPTION": [],
        "OR": [],
        "ORDER BY": [],
        "OUTER": [],
        "OWNER": [],
        "PCTFREE": [],
        "PEEK": [],
        "PRIMARY": [],
        "PRIOR": [],
        "PRIVILEGES": [],
        "QUOTE": [],
        "RAISE": [],
        "RENAME": [],
        "REPLACE": [],
        "RESET": ["ALL"],
        "RAW": [],
        "REFRESH MATERIALIZED VIEW": [],
        "RESOURCE": [],
        "RETURNS": [],
        "REVOKE": [],
        "RIGHT": [],
        "ROLLBACK": [],
        "ROW": [],
        "ROWID": [],
        "ROWNUM": [],
        "ROWS": [],
        "SELECT": [],
        "SESSION": [],
        "SET": [],
        "SHARE": [],
        "SHOW": [
          "COLUMNS",
          "SOURCES",
          "VIEWS",
          "TABLES"
        ],
        "SIZE": [],
        "SMALLINT": [],
        "START": [],
        "SUCCESSFUL": [],
        "SYNONYM": [],
        "SYSDATE": [],
        "TABLE": [],
        "TEMPLATE": [],
        "THEN": [],
        "TO": [],
        "TRIGGER": [],
        "TRUNCATE": [],
        "UID": [],
        "UNION": [],
        "UNIQUE": [],
        "UPDATE": [],
        "USE": [],
        "USER": [],
        "USING": [],
        "VALIDATE": [],
        "VALUES": [],
        "VARCHAR": [],
        "VARCHAR2": [],
        "VIEW": [],
        "WHEN": [],
        "WHENEVER": [],
        "WHERE": [],
        "WITH": []
    },
    "functions": [
        "AVG",
        "COUNT",
        "FIRST",
        "FORMAT",
        "LAST",
        "LCASE",
        "LEN",
        "MAX",
        "MIN",
        "MID",
        "NOW",
        "ROUND",
        "SUM",
        "TOP",
        "UCASE"
    ],
    "datatypes": [
        "BIGINT",
        "BOOLEAN",
        "CHAR",
        "DATE",
        "DOUBLE PRECISION",
        "INT",
        "INTEGER",
        "NUMERIC",
        "REAL",
        "TEXT",
        "VARCHAR",
        "VOID"
    ],
    "reserved": [
        "ALL",
        "ANALYSE",
        "ANALYZE",
        "AND",
        "ANY",
        "ARRAY",
        "AS",
        "ASC",
        "ASYMMETRIC",
        "BOTH",
        "CASE",
        "CAST",
        "CHECK",
        "COLLATE",
        "COLUMN",
        "CONSTRAINT",
        "CREATE",
        "CURRENT_CATALOG",
        "CURRENT_DATE",
        "CURRENT_ROLE",
        "CURRENT_TIME",
        "CURRENT_TIMESTAMP",
        "CURRENT_USER",
        "DEFAULT",
        "DEFERRABLE",
        "DESC",
        "DISTINCT",
        "DO",
        "ELSE",
        "END",
        "EXCEPT",
        "FALSE",
        "FETCH",
        "FOR",
        "FOREIGN",
        "FROM",
        "GRANT",
        "GROUP",
        "HAVING",
        "IN",
        "INITIALLY",
        "INTERSECT",
        "INTO",
        "LATERAL",
        "LEADING",
        "LIMIT",
        "LOCALTIME",
        "LOCALTIMESTAMP",
        "NOT",
        "NULL",
        "OFFSET",
        "ON",
        "ONLY",
        "OR",
        "ORDER",
        "PLACING",
        "PRIMARY",
        "REFERENCES",
        "RETURNING",
        "SELECT",
        "SESSION_USER",
        "SOME",
        "SYMMETRIC",
        "TABLE",
        "THEN",
        "TO",
        "TRAILING",
        "TRUE",
        "UNION",
        "UNIQUE",
        "USER",
        "USING",
        "VARIADIC",
        "WHEN",
        "WHERE",
        "WINDOW",
        "WITH",
        "AUTHORIZATION",
        "BINARY",
        "COLLATION",
        "CONCURRENTLY",
        "CROSS",
        "CURRENT_SCHEMA",
        "FREEZE",
        "FULL",
        "ILIKE",
        "INNER",
        "IS",
        "ISNULL",
        "JOIN",
        "LEFT",
        "LIKE",
        "NATURAL",
        "NOTNULL",
        "OUTER",
        "OVERLAPS",
        "RIGHT",
        "SIMILAR",
        "TABLESAMPLE",
        "VERBOSE"
    ]
}
