nproc,Rss:,Pss:,Pss_Anon:,Pss_File:,Pss_Shmem:,Shared_Clean:,Shared_Dirty:,Private_Clean:,Private_Dirty:,Referenced:,Anonymous:,LazyFree:,AnonHugePages:,ShmemPmdMapped:,FilePmdMapped:,Shared_Hugetlb:,Private_Hugetlb:,Swap:,SwapPss:,Locked:,
1,330664,328394,290512,37882,0,2296,0,69404,258964,277452,290512,31548,227328,0,0,0,0,0,0,0,
2,435732,433275,395532,37743,0,2500,0,89440,343792,341688,395532,51740,282624,0,0,0,0,0,0,0,
3,534240,531803,493964,37839,0,2476,0,116080,415684,414148,493964,78280,348160,0,0,0,0,0,0,0,
4,701352,699007,661064,37943,0,2376,0,158024,540952,508500,661064,120112,448512,0,0,0,0,0,0,0,
5,860712,858327,820284,38043,0,2424,0,164956,693332,625836,820284,126940,559104,0,0,0,0,0,0,0,
6,994968,992535,954496,38039,0,2460,0,209000,783508,669644,954496,170972,606208,0,0,0,0,0,0,0,
7,1206604,1204227,1166356,37871,0,2404,0,256220,947980,798740,1166356,218372,712704,0,0,0,0,0,0,0,
8,1360160,1357855,1319812,38043,0,2332,0,249484,1108344,942524,1319812,211420,858112,0,0,0,0,0,0,0,
9,1583796,1581359,1543476,37883,0,2476,0,284744,1296576,1075872,1543476,246900,983040,0,0,0,0,0,0,0,
10,1753596,1751232,1713292,37940,0,2392,0,298076,1453128,1134736,1713292,260128,1030144,0,0,0,0,0,0,0,
11,1919588,1917318,1879552,37766,0,2296,0,301872,1615420,1272796,1879552,264124,1171456,0,0,0,0,0,0,0,
12,2186792,2184407,2146244,38163,0,2412,0,366332,1818048,1380904,2146244,328188,1253376,0,0,0,0,0,0,0,
13,2456992,2454615,2416576,38039,0,2404,0,471416,1983172,1457912,2416576,433352,1343488,0,0,0,0,0,0,0,
14,2705384,2702967,2665140,37827,0,2444,0,505868,2197072,1636980,2665140,468068,1525760,0,0,0,0,0,0,0,
15,3032948,3030523,2992796,37727,0,2452,0,556744,2473752,1823812,2992796,519044,1677312,0,0,0,0,0,0,0,
16,3214524,3212099,3173936,38163,0,2452,0,525616,2686456,2116688,3173936,487456,2029568,0,0,0,0,0,0,0,
17,3396816,3394481,3356440,38041,0,2364,0,575356,2819096,2054632,3356440,537344,1890304,0,0,0,0,0,0,0,
18,3740592,3738232,3700184,38048,0,2396,0,553484,3184712,2270016,3700184,515460,2099200,0,0,0,0,0,0,0,
19,3780612,3778342,3740180,38162,0,2296,0,524404,3253912,2330764,3740180,486264,2179072,0,0,0,0,0,0,0,
20,4000320,3997975,3959928,38047,0,2376,0,596644,3401300,2269580,3959928,558616,2105344,0,0,0,0,0,0,0,
21,4493372,4490915,4453172,37743,0,2500,0,658156,3832716,2542332,4453172,620404,2379776,0,0,0,0,0,0,0,
22,4728628,4726195,4688468,37727,0,2460,0,632960,4093208,2847680,4688468,595244,2689024,0,0,0,0,0,0,0,
23,5035768,5033383,4995220,38163,0,2412,0,642080,4391276,2941660,4995220,603892,2746368,0,0,0,0,0,0,0,
24,5246132,5243827,5205788,38039,0,2332,0,621572,4622228,3103852,5205788,583468,2904064,0,0,0,0,0,0,0,
25,5578924,5576569,5538768,37801,0,2388,0,754472,4822064,3302592,5538768,716604,3123200,0,0,0,0,0,0,0,
26,5767492,5765226,5727188,38038,0,2292,0,776008,4989192,3325188,5727188,737912,3205120,0,0,0,0,0,0,0,
27,6249784,6247420,6209788,37632,0,2392,0,804196,5443196,3534068,6209788,766588,3391488,0,0,0,0,0,0,0,
28,6267280,6264823,6226644,38179,0,2500,0,771192,5493588,3435708,6226644,733012,3207168,0,0,0,0,0,0,0,
29,6547424,6545008,6507180,37828,0,2444,0,697064,5847916,3696716,6507180,659208,3461120,0,0,0,0,0,0,0,
30,6932000,6929695,6892064,37631,0,2332,0,819676,6109992,3858944,6892064,781908,3661824,0,0,0,0,0,0,0,
31,7008584,7006147,6968504,37643,0,2476,0,765656,6240452,3809544,6968504,727880,3518464,0,0,0,0,0,0,0,
32,7177356,7175051,7136768,38283,0,2332,0,843428,6331596,3923448,7136768,804976,3651584,0,0,0,0,0,0,0,
